prompt,response
"What services does Black Basil Technologies provide?","Black Basil Technologies provides innovative solutions in Hyper automation, Product/Data Engineering, Data Analytics, Cloud & DevOps."
"How long has Black Basil Technologies been in business?","Black Basil Technologies was founded in 2017."
"What values are important to Black Basil Technologies?","Innovation, integrity, and social responsibility are important values for Black Basil Technologies."
"Who are valued at Black Basil Technologies?","Clients, employees, and stakeholders are highly valued at Black Basil Technologies."
"What does Black Basil Technologies focus on?","Black Basil Technologies focuses on innovation, integrity, and social responsibility."
"What is the mission of Black Basil Technologies?","The mission of Black Basil Technologies is to positively impact the world and revolutionize the tech industry."
"What role did the Leadership team play in the company?","The Leadership team played an essential role in envisioning new solutions for DIGITAL India."
"What is the culture like at Black Basil Technologies?","The culture at Black Basil Technologies is driven by innovation and meaningful disruption."
"What models does Black Basil Technologies use for software development?","Black Basil Technologies uses Agile and customizes solutions based on customer needs."
"What is the corporate identification number of Black Basil Technologies?","The corporate identification number of Black Basil Technologies is U72900UP2017PTC096546."
"What is the registration number of Black Basil Technologies?","The registration number of Black Basil Technologies is 96546."
"What is the email address of Black Basil Technologies?","The email address of Black Basil Technologies is \"RAJASINGHAL@GMAIL.COM\"."
"What is the registered address of Black Basil Technologies?","The registered address of Black Basil Technologies is SJ-88 SHASTRI NAGAR GHAZIABAD Ghaziabad UP 201002 IN."
"What is the status of Black Basil Technologies?","The status of Black Basil Technologies is Active."
